{
    "depth": 4,
    "learning_rate": 0.06828576338950652,
    "l2_leaf_reg": 0.0012980121225130144,
    "border_count": 111
}