{
    "max_depth": 3,
    "learning_rate": 0.00012873901293558427,
    "subsample": 0.5839719334701469,
    "colsample_bytree": 0.7883448522340758,
    "lambda": 0.01531413581547165,
    "alpha": 0.00018152910763743232,
    "n_estimators": 64
}