Day,Ending Balance,Trades,Losses
1,2836.0,11,0
2,7188.0,12,0
3,18612.0,12,0
4,38532.0,11,1
5,91461.16,10,0
6,159461.16,10,0
7,228163.6,10,0
8,309763.60000000003,12,0
9,391363.60000000003,12,0
10,467950.64,10,0
